PERMNO,date,NCUSIP,TICKER,COMNAM,PERMCO,CUSIP,NWPERM,PRC
10104,29/06/2018,68389X10,ORCL,ORACLE CORP,8045,68389X10,0,44.06000
10107,29/06/2018,59491810,MSFT,MICROSOFT CORP,8048,59491810,0,98.61000
10138,29/06/2018,74144T10,TROW,T ROWE PRICE GROUP INC,8087,74144T10,0,116.09000
10145,29/06/2018,43851610,HON,HONEYWELL INTERNATIONAL INC,22168,43851610,0,144.05000
10516,29/06/2018,03948310,ADM,ARCHER DANIELS MIDLAND CO,20207,03948310,0,45.83000
10696,29/06/2018,33773810,FISV,FISERV INC,8598,33773810,0,74.09000
10909,29/06/2018,15678210,CERN,CERNER CORP,8786,15678210,0,59.79000
11308,29/06/2018,19121610,KO,COCA COLA CO,20468,19121610,0,43.86000
11403,29/06/2018,12738710,CDNS,CADENCE DESIGN SYSTEMS INC,9245,12738710,0,43.31000
11404,29/06/2018,20911510,ED,CONSOLIDATED EDISON INC,20499,20911510,0,77.98000
11552,29/06/2018,15102010,CELG,CELGENE CORP,9374,15102010,0,79.42000
11600,29/06/2018,24906P10,XRAY,DENTSPLY SIRONA INC,9424,24906P10,0,43.77000
11618,29/06/2018,31190010,FAST,FASTENAL COMPANY,9440,31190010,0,48.13000
11674,29/06/2018,23333110,DTE,D T E ENERGY CO,20574,23333110,0,103.63000
11762,29/06/2018,G2918310,ETN,EATON CORP PLC,20627,G2918310,0,74.74000
11786,29/06/2018,78486Q10,SIVB,S V B FINANCIAL GROUP,9588,78486Q10,0,288.76001
11850,29/06/2018,30231G10,XOM,EXXON MOBIL CORP,20678,30231G10,0,82.73000
11891,29/06/2018,55295310,MGM,M G M RESORTS INTERNATIONAL,9764,55295310,0,29.03000
11896,29/06/2018,57772K10,MXIM,MAXIM INTEGRATED PRODUCTS INC,9698,57772K10,0,58.66000
11955,29/06/2018,94106L10,WM,WASTE MANAGEMENT INC DEL,9804,94106L10,0,81.34000
12052,29/06/2018,36955010,GD,GENERAL DYNAMICS CORP,20791,36955010,0,186.41000
12060,29/06/2018,36960410,GE,GENERAL ELECTRIC CO,20792,36960410,0,13.61000
12062,29/06/2018,50540R40,LH,LABORATORY CORP AMERICA HLDGS,9848,50540R40,0,179.53000
12073,29/06/2018,71270410,PBCT,PEOPLES UNITED FINANCIAL INC,9847,71270410,0,18.09000
12308,29/06/2018,16119P10,CHTR,CHARTER COMMUNICATIONS INC NEW,17322,16119P10,0,293.20999
12345,29/06/2018,N5374510,LYB,LYONDELLBASELL INDUSTRIES N V,53531,N5374510,0,109.85000
12369,29/06/2018,37045V10,GM,GENERAL MOTORS CO,53554,37045V10,0,39.40000
12431,29/06/2018,G4779110,IR,INGERSOLL RAND PLC,20977,G4779110,0,89.73000
12448,29/06/2018,33616C10,FRC,FIRST REPUBLIC BANK S F NEW,53609,33616C10,0,96.79000
12449,29/06/2018,33904110,FLT,FLEETCOR TECHNOLOGIES INC,53610,33904110,0,210.64999
12490,29/06/2018,45920010,IBM,INTERNATIONAL BUSINESS MACHS COR,20990,45920010,0,139.70000
12542,29/06/2018,G6518L10,NLSN,NIELSEN HOLDINGS PLC,53656,G6518L10,0,30.93000
12558,29/06/2018,49456B10,KMI,KINDER MORGAN INC,53667,49456B10,0,17.67000
12570,29/06/2018,45073V10,ITT,I T T INC,20964,45073V10,0,52.27000
12622,29/06/2018,40412C10,HCA,H C A HEALTHCARE INC,53696,40412C10,0,102.60000
12623,29/06/2018,44641310,HII,HUNTINGTON INGALLS INDS INC,53697,44641310,0,216.78999
12650,29/06/2018,48517030,KSU,KANSAS CITY SOUTHERN,21033,48517030,0,105.96000
12872,29/06/2018,56585A10,MPC,MARATHON PETROLEUM CORP,53810,56585A10,0,70.16000
12981,29/06/2018,34964C10,FBHS,FORTUNE BRANDS HOME & SECUR INC,53876,34964C10,0,53.69000
13035,29/06/2018,98419M10,XYL,XYLEM INC,53896,98419M10,0,67.38000
13103,29/06/2018,G6095L10,APTV,APTIV PLC,53927,G6095L10,0,91.63000
13168,29/06/2018,89694520,TRIP,TRIPADVISOR INC,53964,89694520,0,55.71000
13356,29/06/2018,71854610,PSX,PHILLIPS 66,54048,71854610,0,112.31000
13407,29/06/2018,30303M10,FB,FACEBOOK INC,54084,30303M10,0,194.32001
13586,29/06/2018,G7S00T10,PNR,PENTAIR PLC,54185,G7S00T10,0,42.08000
13641,29/06/2018,25278X10,FANG,DIAMONDBACK ENERGY INC,54222,25278X10,0,131.57001
13688,29/06/2018,69331C10,PCG,P G & E CORP,21356,69331C10,0,42.56000
13721,29/06/2018,00287Y10,ABBV,ABBVIE INC,54287,00287Y10,0,92.65000
13760,29/06/2018,G6672110,NCLH,NORWEGIAN CRUISE LINE HLDGS LTD,54313,G6672110,0,47.25000
13788,29/06/2018,98978V10,ZTS,ZOETIS INC,54327,98978V10,0,85.19000
13856,29/06/2018,71344810,PEP,PEPSICO INC,21384,71344810,0,108.87000
13901,29/06/2018,02209S10,MO,ALTRIA GROUP INC,21398,02209S10,0,56.79000
13911,29/06/2018,46266C10,IQV,IQVIA HOLDINGS INC,54401,46266C10,0,99.82000
13928,29/06/2018,20825C10,COP,CONOCOPHILLIPS,21401,20825C10,0,69.62000
13936,29/06/2018,69365610,PVH,P V H CORP,21402,69365610,0,149.72000
13963,29/06/2018,65249B10,NWSA,NEWS CORP NEW,54433,65249B10,0,15.50000
13964,29/06/2018,65249B20,NWS,NEWS CORP NEW,54433,65249B20,0,15.85000
13983,29/06/2018,22207020,COTY,COTY INC,54444,22207020,0,14.10000
14008,29/06/2018,03116210,AMGN,AMGEN INC,216,03116210,0,184.59000
14277,29/06/2018,80685710,SLB,SCHLUMBERGER LTD,21576,80685710,0,67.03000
14295,29/06/2018,90184L10,TWTR,TWITTER INC,54638,90184L10,0,43.67000
14297,29/06/2018,G0176J10,ALLE,ALLEGION PLC,54641,G0176J10,0,77.36000
14338,29/06/2018,43300A20,HLT,HILTON WORLDWIDE HOLDINGS INC,54672,43300A20,0,79.16000
14541,29/06/2018,16676410,CVX,CHEVRON CORP NEW,20440,16676410,0,126.43000
14542,29/06/2018,02079K10,GOOG,ALPHABET INC,45483,02079K10,0,1115.65002
14593,29/06/2018,03783310,AAPL,APPLE INC,7,03783310,0,185.11000
14702,29/06/2018,03822210,AMAT,APPLIED MATERIALS INC,194,03822210,0,46.19000
14704,29/06/2018,G4756710,INFO,I H S MARKIT LTD,54895,G4756710,0,51.59000
14714,29/06/2018,04041310,ANET,ARISTA NETWORKS INC,54907,04041310,0,257.48999
14776,29/06/2018,87165B10,SYF,SYNCHRONY FINANCIAL,54936,87165B10,0,33.38000
14889,29/06/2018,17461010,CFG,CITIZENS FINANCIAL GROUP INC,55006,17461010,0,38.90000
14939,29/06/2018,49338L10,KEYS,KEYSIGHT TECHNOLOGIES INC,55033,49338L10,0,59.03000
15069,29/06/2018,56584910,MRO,MARATHON OIL CORP,21795,56584910,0,20.86000
15202,29/06/2018,92916010,VMC,VULCAN MATERIALS CO,21876,92916010,0,129.06000
15408,29/06/2018,50075410,KHC,KRAFT HEINZ CO,55296,50075410,0,62.82000
15456,29/06/2018,34484910,FL,FOOT LOCKER INC,21936,34484910,0,52.65000
15488,29/06/2018,70450Y10,PYPL,PAYPAL HOLDINGS INC,55341,70450Y10,0,83.27000
15579,29/06/2018,88250810,TXN,TEXAS INSTRUMENTS INC,21737,88250810,0,110.25000
15707,29/06/2018,42824C10,HPE,HEWLETT PACKARD ENTERPRISE CO,55421,42824C10,0,14.61000
15720,29/06/2018,28102010,EIX,EDISON INTERNATIONAL,21543,28102010,0,63.27000
15980,29/06/2018,90431120,UA,UNDER ARMOUR INC,48779,90431120,0,21.08000
16087,29/06/2018,34959J10,FTV,FORTIVE CORP,55585,34959J10,0,77.11000
16431,29/06/2018,51327210,LW,LAMB WESTON HOLDINGS INC,55778,51327210,0,68.51000
16432,29/06/2018,38255010,GT,GOODYEAR TIRE & RUBBER CO,20834,38255010,0,23.29000
16538,29/06/2018,G8711010,FTI,TECHNIPFMC PLC,55833,G8711010,0,31.74000
16600,29/06/2018,42786610,HSY,HERSHEY CO,20906,42786610,0,93.06000
16678,29/06/2018,50104410,KR,KROGER COMPANY,21068,50104410,0,28.45000
16816,29/06/2018,10922N10,BHF,BRIGHTHOUSE FINANCIAL INC,56000,10922N10,0,40.07000
16851,29/06/2018,26078J10,DWDP,DOWDUPONT INC,56027,26078J10,0,65.92000
17005,29/06/2018,12665010,CVS,C V S HEALTH CORP,21185,12665010,0,64.35000
17144,29/06/2018,37033410,GIS,GENERAL MILLS INC,20798,37033410,0,44.26000
17478,29/06/2018,78409V10,SPGI,S & P GLOBAL INC,21179,78409V10,0,203.89000
17750,29/06/2018,49436810,KMB,KIMBERLY CLARK CORP,21055,49436810,0,105.34000
17830,29/06/2018,91301710,UTX,UNITED TECHNOLOGIES CORP,21832,91301710,0,125.03000
18163,29/06/2018,74271810,PG,PROCTER & GAMBLE CO,21446,74271810,0,78.06000
18411,29/06/2018,84258710,SO,SOUTHERN CO,21640,84258710,0,46.31000
18542,29/06/2018,14912310,CAT,CATERPILLAR INC,20408,14912310,0,135.67000
18729,29/06/2018,19416210,CL,COLGATE PALMOLIVE CO,20473,19416210,0,64.81000
19166,29/06/2018,30249130,FMC,F M C CORP,20681,30249130,0,89.21000
19350,29/06/2018,24419910,DE,DEERE & CO,20566,24419910,0,139.80000
19393,29/06/2018,11012210,BMY,BRISTOL MYERS SQUIBB CO,20331,11012210,0,55.34000
19502,29/06/2018,93142710,WBA,WALGREENS BOOTS ALLIANCE INC,21881,93142710,0,60.01500
19561,29/06/2018,09702310,BA,BOEING CO,20315,09702310,0,335.51001
20415,29/06/2018,47233W10,JEF,JEFFERIES FINANCIAL GROUP INC,21097,47233W10,0,22.74000
20482,29/06/2018,00282410,ABT,ABBOTT LABORATORIES,20017,00282410,0,60.99000
21020,29/06/2018,02376R10,AAL,AMERICAN AIRLINES GROUP INC,20010,02376R10,0,37.96000
21178,29/06/2018,53983010,LMT,LOCKHEED MARTIN CORP,21110,53983010,0,295.42999
21186,29/06/2018,96145D10,WRK,WESTROCK CO,21913,96145D10,0,57.02000
21207,29/06/2018,65163910,NEM,NEWMONT MINING CORP,21286,65163910,0,37.71000
21371,29/06/2018,14149Y10,CAH,CARDINAL HEALTH INC,6262,14149Y10,0,48.83000
21573,29/06/2018,46014610,IP,INTERNATIONAL PAPER CO,20994,46014610,0,52.08000
21776,29/06/2018,30161N10,EXC,EXELON CORP,21396,30161N10,0,42.60000
21792,29/06/2018,15189T10,CNP,CENTERPOINT ENERGY INC,20939,15189T10,0,27.71000
21936,29/06/2018,71708110,PFE,PFIZER INC,21394,71708110,0,36.28000
22103,29/06/2018,29101110,EMR,EMERSON ELECTRIC CO,20643,29101110,0,69.14000
22111,29/06/2018,47816010,JNJ,JOHNSON & JOHNSON,21018,47816010,0,121.34000
22293,29/06/2018,21935010,GLW,CORNING INC,20523,21935010,0,27.51000
22509,29/06/2018,69350610,PPG,P P G INDUSTRIES INC,21351,69350610,0,103.73000
22517,29/06/2018,69351T10,PPL,P P L CORP,21376,69351T10,0,28.55000
22592,29/06/2018,88579Y10,MMM,3M CO,21205,88579Y10,0,196.72000
22752,29/06/2018,58933Y10,MRK,MERCK & CO INC NEW,21188,58933Y10,0,60.70000
22779,29/06/2018,62007630,MSI,MOTOROLA SOLUTIONS INC,21230,62007630,0,116.37000
23026,29/06/2018,33793210,FE,FIRSTENERGY CORP,21326,33793210,0,35.91000
23229,29/06/2018,12589610,CMS,C M S ENERGY CORP,20361,12589610,0,47.28000
23393,29/06/2018,17134010,CHD,CHURCH & DWIGHT INC,1103,17134010,0,53.16000
23473,29/06/2018,17206210,CINF,CINCINNATI FINANCIAL CORP,912,17206210,0,66.86000
23536,29/06/2018,92939U10,WEC,W E C ENERGY GROUP INC,21931,92939U10,0,64.65000
23579,29/06/2018,88320310,TXT,TEXTRON INC,21743,88320310,0,65.91000
23660,29/06/2018,17290810,CTAS,CINTAS CORP,6304,17290810,0,185.07001
23712,29/06/2018,74457310,PEG,PUBLIC SERVICE ENTERPRISE GP INC,21458,74457310,0,54.14000
23819,29/06/2018,40621610,HAL,HALLIBURTON COMPANY,20868,40621610,0,45.06000
23931,29/06/2018,98389B10,XEL,X C E L ENERGY INC,21300,98389B10,0,45.68000
24010,29/06/2018,29364G10,ETR,ENTERGY CORP NEW,21201,29364G10,0,80.79000
24053,29/06/2018,30034W10,EVRG,EVERGY INC,21035,30034W10,0,56.15000
24109,29/06/2018,02553710,AEP,AMERICAN ELECTRIC POWER CO INC,20077,02553710,0,69.25000
24205,29/06/2018,65339F10,NEE,NEXTERA ENERGY INC,20684,65339F10,0,167.03000
24643,29/06/2018,03965L10,ARNC,ARCONIC INC,20060,03965L10,0,17.01000
24766,29/06/2018,66680710,NOC,NORTHROP GRUMMAN CORP,21303,66680710,0,307.70001
24942,29/06/2018,75511150,RTN,RAYTHEON CO,21492,75511150,0,193.17999
24985,29/06/2018,02360810,AEE,AMEREN CORP,21808,02360810,0,60.85000
25081,29/06/2018,20034010,CMA,COMERICA INC,1261,20034010,0,90.92000
25232,29/06/2018,68268010,OKE,ONEOK INC NEW,21332,68268010,0,69.83000
25320,29/06/2018,13442910,CPB,CAMPBELL SOUP CO,20384,13442910,0,40.54000
25419,29/06/2018,96332010,WHR,WHIRLPOOL CORP,21916,96332010,0,146.23000
25582,29/06/2018,41387510,HRS,HARRIS CORP,20883,41387510,0,144.53999
25785,29/06/2018,34537086,F,FORD MOTOR CO DEL,20750,34537086,0,11.07000
25953,29/06/2018,26000310,DOV,DOVER CORP,20596,26000310,0,73.20000
26403,29/06/2018,25468710,DIS,DISNEY WALT CO,20587,25468710,0,104.81000
26607,29/06/2018,08986R30,BH,BIGLARI HOLDINGS INC,4255,08986R30,0,183.49001
26710,29/06/2018,54042410,L,LOEWS CORP,21111,54042410,0,48.28000
26825,29/06/2018,48783610,K,KELLOGG CO,21041,48783610,0,69.87000
27043,29/06/2018,92220P10,VAR,VARIAN MEDICAL SYSTEMS INC,21859,92220P10,0,113.72000
27828,29/06/2018,40434L10,HPQ,H P INC,20908,40434L10,0,22.69000
27887,29/06/2018,07181310,BAX,BAXTER INTERNATIONAL INC,20277,07181310,0,73.84000
27959,29/06/2018,26441C20,DUK,DUKE ENERGY CORP NEW,20608,26441C20,0,79.08000
27983,29/06/2018,98412160,XRX,XEROX CORP,21945,98412160,0,24.00000
27991,29/06/2018,72348410,PNW,PINNACLE WEST CAPITAL CORP,21409,72348410,0,80.56000
28222,29/06/2018,00915810,APD,AIR PRODUCTS & CHEMICALS INC,20030,00915810,0,155.73000
28388,29/06/2018,92904210,VNO,VORNADO REALTY TRUST,21874,92904210,0,73.92000
28484,29/06/2018,42809H10,HES,HESS CORP,20064,42809H10,0,66.89000
28804,29/06/2018,01165910,ALK,ALASKA AIRGROUP INC,20035,01165910,0,60.39000
30681,29/06/2018,68191910,OMC,OMNICOM GROUP INC,1367,68191910,0,76.27000
30940,29/06/2018,34354P10,FLS,FLOWSERVE CORP,1425,34354P10,0,40.40000
32707,29/06/2018,42345210,HP,HELMERICH & PAYNE INC,20902,42345210,0,63.76000
32803,29/06/2018,43610610,HFC,HOLLYFRONTIER CORP,20922,43610610,0,68.43000
32870,29/06/2018,44045210,HRL,HORMEL FOODS CORP,20932,44045210,0,37.21000
34032,29/06/2018,57459910,MAS,MASCO CORP,21161,57459910,0,37.42000
34746,29/06/2018,31677310,FITB,FIFTH THIRD BANCORP,1741,31677310,0,28.70000
34817,29/06/2018,67034610,NUE,NUCOR CORP,21308,67034610,0,62.50000
34833,29/06/2018,67459910,OXY,OCCIDENTAL PETROLEUM CORP,21322,67459910,0,83.68000
35044,29/06/2018,7591EP10,RF,REGIONS FINANCIAL CORP NEW,1620,7591EP10,0,17.78000
35554,29/06/2018,55261F10,MTB,M & T BANK CORP,1689,55261F10,0,170.14999
36003,29/06/2018,77571110,ROL,ROLLINS INC,21530,77571110,0,52.58000
36468,29/06/2018,82434810,SHW,SHERWIN WILLIAMS CO,21609,82434810,0,407.57001
37584,29/06/2018,35461310,BEN,FRANKLIN RESOURCES INC,6407,35461310,0,32.05000
38093,29/06/2018,36357610,AJG,GALLAGHER ARTHUR J & CO,7094,36357610,0,65.28000
38156,29/06/2018,96945710,WMB,WILLIAMS COS,21923,96945710,0,27.11000
38703,29/06/2018,94974610,WFC,WELLS FARGO & CO NEW,21305,94974610,0,55.44000
38762,29/06/2018,65473P10,NI,NISOURCE INC,21244,65473P10,0,26.28000
39490,29/06/2018,03741110,APA,APACHE CORP,20204,03741110,0,46.75000
39538,29/06/2018,57708110,MAT,MATTEL INC,21168,57708110,0,16.42000
39642,29/06/2018,07588710,BDX,BECTON DICKINSON & CO,20284,07588710,0,239.56000
39917,29/06/2018,96216610,WY,WEYERHAEUSER CO,21914,96216610,0,36.46000
40125,29/06/2018,23355L10,DXC,D X C TECHNOLOGY CO,20493,23355L10,0,80.61000
40272,29/06/2018,45950610,IFF,INTERNATIONAL FLAVORS & FRAG INC,20991,45950610,0,123.96000
40539,29/06/2018,87254010,TJX,T J X COMPANIES INC NEW,21949,87254010,0,95.18000
41080,29/06/2018,23102110,CMI,CUMMINS INC,20543,23102110,0,133.00000
41355,29/06/2018,70109410,PH,PARKER HANNIFIN CORP,21367,70109410,0,155.85001
42200,29/06/2018,71404610,PKI,PERKINELMER INC,20616,71404610,0,73.23000
42585,29/06/2018,83269640,SJM,SMUCKER J M CO,21629,83269640,0,107.48000
42877,29/06/2018,44565810,JBHT,HUNT J B TRANSPORT SERVICES INC,6606,44565810,0,121.55000
42906,29/06/2018,44615010,HBAN,HUNTINGTON BANCSHARES INC,2093,44615010,0,14.76000
43350,29/06/2018,85450210,SWK,STANLEY BLACK & DECKER INC,21664,85450210,0,132.81000
43449,29/06/2018,58013510,MCD,MCDONALDS CORP,21177,58013510,0,156.69000
43553,29/06/2018,91820410,VFC,V F CORP,21849,91820410,0,81.52000
44206,29/06/2018,30040W10,ES,EVERSOURCE ENERGY,21299,30040W10,0,58.61000
44601,29/06/2018,05361110,AVY,AVERY DENNISON CORP,20238,05361110,0,102.10000
44644,29/06/2018,05301510,ADP,AUTOMATIC DATA PROCESSING INC,20235,05301510,0,134.14000
45356,29/06/2018,G5150210,JCI,JOHNSON CONTROLS INTL PLC,21791,G5150210,0,33.45000
45751,29/06/2018,57174810,MMC,MARSH & MCLENNAN COS INC,21158,57174810,0,81.97000
45911,29/06/2018,83088M10,SWKS,SKYWORKS SOLUTIONS INC,20058,83088M10,0,96.65000
46392,29/06/2018,46145F10,ITG,INVESTMENT TECHNOLOGY GP INC NEW,6496,46145F10,0,20.92000
46578,29/06/2018,18905410,CLX,CLOROX CO,20463,18905410,0,135.25000
46674,29/06/2018,37246010,GPC,GENUINE PARTS CO,20807,37246010,0,91.79000
46703,29/06/2018,44107P10,HST,HOST HOTELS & RESORTS INC,21157,44107P10,0,21.07000
46886,29/06/2018,48248010,KLAC,K L A TENCOR CORP,2551,48248010,0,102.53000
47896,29/06/2018,46625H10,JPM,JPMORGAN CHASE & CO,20436,46625H10,0,104.20000
48486,29/06/2018,51280710,LRCX,LAM RESH CORP,7013,51280710,0,172.85001
48506,29/06/2018,61536910,MCO,MOODYS CORP,20610,61536910,0,170.56000
48653,29/06/2018,44485910,HUM,HUMANA INC,20950,44485910,0,297.63000
48725,29/06/2018,90781810,UNP,UNION PACIFIC CORP,21810,90781810,0,141.67999
49015,29/06/2018,53418710,LNC,LINCOLN NATIONAL CORP,21105,53418710,0,62.25000
49154,29/06/2018,87612E10,TGT,TARGET CORP,20561,87612E10,0,76.12000
49373,29/06/2018,09367110,HRB,BLOCK H & R INC,20309,09367110,0,22.78000
49656,29/06/2018,06405810,BK,BANK OF NEW YORK MELLON CORP,20265,06405810,0,53.93000
49680,29/06/2018,23585110,DHR,DANAHER CORP,20557,23585110,0,98.68000
50286,29/06/2018,52376810,LEE,LEE ENTERPRISES INC,21090,52376810,0,2.85000
50876,29/06/2018,53245710,LLY,LILLY ELI & CO,21102,53245710,0,85.33000
51692,29/06/2018,72027910,PIR,PIER 1 IMPORTS INC DE,21405,72027910,0,2.38000
52038,29/06/2018,87182910,SYY,SYSCO CORP,21698,87182910,0,68.29000
52090,29/06/2018,57978020,MKC,MCCORMICK & CO INC,2801,57978020,0,116.09000
52230,29/06/2018,77032310,RHI,ROBERT HALF INTERNATIONAL INC,469,77032310,0,65.10000
52329,29/06/2018,46981410,JEC,JACOBS ENGINEERING GROUP INC,21011,46981410,0,63.49000
52476,29/06/2018,29442910,EFX,EQUIFAX INC,20659,29442910,0,125.11000
52695,29/06/2018,38480210,GWW,GRAINGER W W INC,20841,38480210,0,308.39999
52708,29/06/2018,52605710,LEN,LENNAR CORP,21095,52605710,0,52.50000
52978,29/06/2018,41805610,HAS,HASBRO INC,20887,41805610,0,92.31000
53065,29/06/2018,46069010,IPG,INTERPUBLIC GROUP COS INC,20997,46069010,0,23.44000
53613,29/06/2018,59511210,MU,MICRON TECHNOLOGY INC,7065,59511210,0,52.44000
54148,29/06/2018,74586710,PHM,PULTE GROUP INC,21349,74586710,0,28.75000
55976,29/06/2018,93114210,WMT,WALMART INC,21880,93114210,0,85.65000
56274,29/06/2018,20588710,CAG,CONAGRA BRANDS INC,20495,20588710,0,35.73000
56573,29/06/2018,45230810,ITW,ILLINOIS TOOL WORKS INC,20968,45230810,0,138.53999
57568,29/06/2018,05849810,BLL,BALL CORP,20257,05849810,0,35.55000
57665,29/06/2018,65410610,NKE,NIKE INC,3194,65410610,0,79.68000
57817,29/06/2018,65566410,JWN,NORDSTROM INC,3217,65566410,0,51.78000
57904,29/06/2018,00105510,AFL,AFLAC INC,92,00105510,0,43.02000
58246,29/06/2018,66585910,NTRS,NORTHERN TRUST CORP,3275,66585910,0,102.89000
58413,29/06/2018,31374720,FRT,FEDERAL REALTY INVESTMENT TRUST,20697,31374720,0,126.55000
58683,29/06/2018,84474110,LUV,SOUTHWEST AIRLINES CO,4181,84474110,0,50.88000
58819,29/06/2018,01880210,LNT,ALLIANT ENERGY CORP,4980,01880210,0,42.32000
59010,29/06/2018,36476010,GPS,GAP INC,1892,36476010,0,32.39000
59176,29/06/2018,02581610,AXP,AMERICAN EXPRESS CO,90,02581610,0,98.00000
59248,29/06/2018,60871R20,TAP,MOLSON COORS BREWING CO,33,60871R20,0,68.04000
59300,29/06/2018,90265310,UDR,U D R INC,3334,90265310,0,37.54000
59328,29/06/2018,45814010,INTC,INTEL CORP,2367,45814010,0,49.71000
59408,29/06/2018,06050510,BAC,BANK OF AMERICA CORP,3151,06050510,0,28.19000
59459,29/06/2018,89417E10,TRV,TRAVELERS COMPANIES INC,4293,89417E10,0,122.34000
60097,29/06/2018,G5960L10,MDT,MEDTRONIC PLC,2850,G5960L10,0,85.61000
60206,29/06/2018,83303410,SNA,SNAP ON INC,4162,83303410,0,160.72000
60442,29/06/2018,69347510,PNC,P N C FINANCIAL SERVICES GRP INC,3685,69347510,0,135.10001
60506,29/06/2018,69371810,PCAR,PACCAR INC,3487,69371810,0,61.96000
60599,29/06/2018,15670010,CTL,CENTURYLINK INC,20421,15670010,0,18.64000
60628,29/06/2018,31428X10,FDX,FEDEX CORP,1685,31428X10,0,227.06000
60871,29/06/2018,03265410,ADI,ANALOG DEVICES INC,282,03265410,0,95.92000
60943,29/06/2018,52466010,LEG,LEGGETT & PLATT INC,2636,52466010,0,44.64000
60986,29/06/2018,65122910,NWL,NEWELL BRANDS INC,3178,65122910,0,25.79000
61241,29/06/2018,00790310,AMD,ADVANCED MICRO DEVICES INC,211,00790310,0,14.99000
61399,29/06/2018,54866110,LOW,LOWES COMPANIES INC,2709,54866110,0,95.57000
61621,29/06/2018,70432610,PAYX,PAYCHEX INC,6333,70432610,0,68.35000
61735,29/06/2018,G0408V10,AON,AON PLC,20203,G0408V10,0,137.17000
61815,29/06/2018,65504410,NBL,NOBLE ENERGY INC,3219,65504410,0,35.28000
62092,29/06/2018,88355610,TMO,THERMO FISHER SCIENTIFIC INC,4557,88355610,0,207.14000
62148,29/06/2018,12640810,CSX,C S X CORP,20370,12640810,0,63.78000
62308,29/06/2018,89102710,TMK,TORCHMARK CORP,21764,89102710,0,81.41000
64186,29/06/2018,12550910,CI,CIGNA CORP,20357,12550910,0,169.95000
64282,29/06/2018,50179710,LB,L BRANDS INC,2664,50179710,0,36.88000
64311,29/06/2018,65584410,NSC,NORFOLK SOUTHERN CORP,21294,65584410,0,150.87000
64390,29/06/2018,74331510,PGR,PROGRESSIVE CORP OH,3682,74331510,0,59.15000
64653,29/06/2018,74460D10,PSA,PUBLIC STORAGE,4289,74460D10,0,226.86000
64899,29/06/2018,21036P20,STZ,CONSTELLATION BRANDS INC,1015,21036P20,0,221.47000
64936,29/06/2018,25746U10,D,DOMINION ENERGY INC,20592,25746U10,0,68.18000
64995,29/06/2018,49326710,KEY,KEYCORP NEW,2535,49326710,0,19.54000
65402,29/06/2018,83186520,AOS,SMITH A O CORP,21625,83186520,0,59.15000
65541,29/06/2018,21664840,COO,COOPER COMPANIES INC,5780,21664840,0,235.45000
65875,29/06/2018,92343V10,VZ,VERIZON COMMUNICATIONS INC,20288,92343V10,0,50.31000
66093,29/06/2018,00206R10,T,A T & T INC,21645,00206R10,0,32.11000
66157,29/06/2018,90297330,USB,U S BANCORP DEL,1645,90297330,0,50.02000
66181,29/06/2018,43707610,HD,HOME DEPOT INC,5085,43707610,0,195.10001
66384,29/06/2018,95810210,WDC,WESTERN DIGITAL CORP,4879,95810210,0,77.41000
66800,29/06/2018,02687478,AIG,AMERICAN INTERNATIONAL GROUP INC,137,02687478,0,53.02000
67029,29/06/2018,46564T10,ITI,ITERIS INC,3333,46564T10,0,4.84000
67598,29/06/2018,40414L10,HCP,H C P INC,20891,40414L10,0,25.82000
68144,29/06/2018,86791410,STI,SUNTRUST BANKS INC,21691,86791410,0,66.02000
69032,29/06/2018,61744644,MS,MORGAN STANLEY DEAN WITTER & CO,21224,61744644,0,47.40000
69550,29/06/2018,N5946510,MYL,MYLAN N V,3104,N5946510,0,36.14000
69649,29/06/2018,75473010,RJF,RAYMOND JAMES FINANCIAL INC,6137,75473010,0,89.35000
69796,29/06/2018,21036P10,STZ,CONSTELLATION BRANDS INC,1015,21036P10,0,218.87000
70033,29/06/2018,41282210,HOG,HARLEY DAVIDSON INC,20881,41282210,0,42.08000
70332,29/06/2018,03251110,APC,ANADARKO PETROLEUM CORP,20194,03251110,0,73.25000
70519,29/06/2018,17296742,C,CITIGROUP INC,20483,17296742,0,66.92000
70578,29/06/2018,27886510,ECL,ECOLAB INC,1467,27886510,0,140.33000
71175,29/06/2018,91529Y10,UNM,UNUM GROUP,21798,91529Y10,0,36.99000
71563,29/06/2018,05493710,BBT,B B & T CORP,4163,05493710,0,50.44000
72726,29/06/2018,85747710,STT,STATE STREET CORP,4260,85747710,0,93.09000
73139,29/06/2018,86366710,SYK,STRYKER CORP,4298,86366710,0,168.86000
75034,29/06/2018,05722G10,BHGE,BAKER HUGHES INC NEW,20253,05722G10,0,33.03000
75100,29/06/2018,88654710,TIF,TIFFANY & CO NEW,21753,88654710,0,131.60001
75104,29/06/2018,12485710,CBS,C B S CORP NEW,21866,12485710,0,56.49000
75107,29/06/2018,00365410,ABMD,ABIOMED INC,20018,00365410,0,409.04999
75154,29/06/2018,14365830,CCL,CARNIVAL CORP,20394,14365830,0,57.31000
75186,29/06/2018,80851310,SCHW,SCHWAB CHARLES CORP NEW,21578,80851310,0,51.10000
75241,29/06/2018,72378710,PXD,PIONEER NATURAL RESOURCES CO,21366,72378710,0,189.24001
75341,29/06/2018,26441150,DRE,DUKE REALTY CORP,20609,26441150,0,29.03000
75510,29/06/2018,00724F10,ADBE,ADOBE SYSTEMS INC,8476,00724F10,0,243.81000
75607,29/06/2018,87150310,SYMC,SYMANTEC CORP,10224,87150310,0,20.65000
75819,29/06/2018,92276F10,VTR,VENTAS INC,10302,92276F10,0,56.95000
75825,29/06/2018,26875P10,EOG,EOG RESOURCES INC,22113,26875P10,0,124.43000
75828,29/06/2018,28551210,EA,ELECTRONIC ARTS INC,10303,28551210,0,141.02000
76076,29/06/2018,17275R10,CSCO,CISCO SYSTEMS INC,10486,17275R10,0,43.03000
76082,29/06/2018,12709710,COG,CABOT OIL & GAS CORP,26024,12709710,0,23.80000
76095,29/06/2018,43644010,HOLX,HOLOGIC INC,10504,43644010,0,39.75000
76201,29/06/2018,98391910,XLNX,XILINX INC,10634,98391910,0,65.26000
76226,29/06/2018,12485720,CBS,C B S CORP NEW,21866,12485720,0,56.22000
76605,29/06/2018,05333210,AZO,AUTOZONE INC,29009,05333210,0,670.92999
76614,29/06/2018,75886F10,REGN,REGENERON PHARMACEUTICALS INC,10876,75886F10,0,344.98999
76639,29/06/2018,89190610,TSS,TOTAL SYSTEM SERVICES INC,6278,89190610,0,84.52000
76709,29/06/2018,45168D10,IDXX,I D E X X LABORATORIES INC,10989,45168D10,0,217.94000
76712,29/06/2018,00130H10,AES,A E S CORP,10996,00130H10,0,13.41000
76744,29/06/2018,92532F10,VRTX,VERTEX PHARMACEUTICALS INC,11042,92532F10,0,169.96001
76841,29/06/2018,09062X10,BIIB,BIOGEN INC,11112,09062X10,0,290.23999
77129,29/06/2018,49446R10,KIM,KIMCO REALTY CORP,29335,49446R10,0,16.99000
77178,29/06/2018,74752510,QCOM,QUALCOMM INC,11253,74752510,0,56.12000
77182,29/06/2018,G9782210,PRGO,PERRIGO CO PLC,11257,G9782210,0,72.91000
77274,29/06/2018,37555810,GILD,GILEAD SCIENCES INC,11300,37555810,0,70.84000
77338,29/06/2018,77669610,ROP,ROPER TECHNOLOGIES INC,11344,77669610,0,275.91000
77357,29/06/2018,87160710,SNPS,SYNOPSYS INC,11361,87160710,0,85.57000
77462,29/06/2018,55616P10,M,MACYS INC,22856,55616P10,0,37.43000
77496,29/06/2018,60819010,MHK,MOHAWK INDUSTRIES INC,11446,60819010,0,214.27000
77605,29/06/2018,10113710,BSX,BOSTON SCIENTIFIC CORP,29489,10113710,0,32.70000
77606,29/06/2018,50025510,KSS,KOHLS CORP,29494,50025510,0,72.90000
77661,29/06/2018,23331A10,DHI,D R HORTON INC,11559,23331A10,0,41.00000
77702,29/06/2018,85524410,SBUX,STARBUCKS CORP,11592,85524410,0,48.85000
77730,29/06/2018,90249410,TSN,TYSON FOODS INC,4620,90249410,0,68.85000
78916,29/06/2018,G0177J10,AGN,ALLERGAN PLC,11965,G0177J10,0,166.72000
78975,29/06/2018,46120210,INTU,INTUIT INC,12011,46120210,0,204.30499
78987,29/06/2018,59501710,MCHP,MICROCHIP TECHNOLOGY INC,12027,59501710,0,90.95000
79057,29/06/2018,H1467J10,CB,CHUBB LTD,29796,H1467J10,0,127.02000
79103,29/06/2018,67103H10,ORLY,O REILLY AUTOMOTIVE INC NEW,12097,67103H10,0,273.57001
79145,29/06/2018,V7780T10,RCL,ROYAL CARIBBEAN CRUISES LTD,29819,V7780T10,0,103.60000
79265,29/06/2018,30244510,FLIR,FLIR SYSTEMS INC,12214,30244510,0,51.97000
79323,29/06/2018,02000210,ALL,ALLSTATE CORP,29870,02000210,0,91.27000
79545,29/06/2018,09972410,BWA,BORGWARNER INC,29936,09972410,0,43.16000
79547,29/06/2018,29476L10,EQR,EQUITY RESIDENTIAL,29940,29476L10,0,63.69000
79637,29/06/2018,91390310,UHS,UNIVERSAL HEALTH SERVICES INC,4655,91390310,0,111.44000
79678,29/06/2018,00507V10,ATVI,ACTIVISION BLIZZARD INC,12499,00507V10,0,76.32000
79698,29/06/2018,36665110,IT,GARTNER INC,12457,36665110,0,132.89999
79782,29/06/2018,75884910,REG,REGENCY CENTERS CORP,30011,75884910,0,62.08000
79906,29/06/2018,45337C10,INCY,INCYTE CORP,30033,45337C10,0,67.00000
79915,29/06/2018,65129010,NFX,NEWFIELD EXPLORATION CO,30044,65129010,0,30.25000
80080,29/06/2018,27743210,EMN,EASTMAN CHEMICAL CO,30070,27743210,0,99.96000
80100,29/06/2018,82880610,SPG,SIMON PROPERTY GROUP INC NEW,30086,82880610,0,170.19000
80183,29/06/2018,59522J10,MAA,MID AMERICA APT COMMUNITIES INC,30104,59522J10,0,100.67000
80191,29/06/2018,01265310,ALB,ALBEMARLE CORP,30249,01265310,0,94.33000
80204,29/06/2018,57328410,MLM,MARTIN MARIETTA MATERIALS INC,30260,57328410,0,223.33000
80286,29/06/2018,89235610,TSCO,TRACTOR SUPPLY CO NEW,12863,89235610,0,76.49000
80320,29/06/2018,21720410,CPRT,COPART INC,12926,21720410,0,56.56000
80381,29/06/2018,05348410,AVB,AVALONBAY COMMUNITIES INC,30345,05348410,0,171.89000
80399,29/06/2018,55438210,MAC,MACERICH CO,30362,55438210,0,56.83000
80539,29/06/2018,64026810,NKTR,NEKTAR THERAPEUTICS,13036,64026810,0,48.83000
80681,29/06/2018,29717810,ESS,ESSEX PROPERTY TRUST INC,30421,29717810,0,239.07001
80711,29/06/2018,03748R10,AIV,APARTMENT INVESTMENT & MGMT CO,30438,03748R10,0,42.30000
81045,29/06/2018,75610910,O,REALTY INCOME CORP,30500,75610910,0,53.79000
81055,29/06/2018,14040H10,COF,CAPITAL ONE FINANCIAL CORP,30513,14040H10,0,91.90000
81061,29/06/2018,58155Q10,MCK,MCKESSON H B O C INC,30521,58155Q10,0,133.39999
81481,29/06/2018,25674610,DLTR,DOLLAR TREE INC,13603,25674610,0,85.00000
81540,29/06/2018,03073E10,ABC,AMERISOURCEBERGEN CORP,13650,03073E10,0,85.27000
81593,29/06/2018,92936P10,WMIH,W M I H CORP,5849,92936P10,0,1.34000
81655,29/06/2018,23719410,DRI,DARDEN RESTAURANTS INC,30886,23719410,0,107.06000
81696,29/06/2018,25470M10,DISH,DISH NETWORK CORPORATION,13790,25470M10,0,33.61000
81736,29/06/2018,76115210,RMD,RESMED INC,13753,76115210,0,103.58000
81774,29/06/2018,35671D85,FCX,FREEPORT MCMORAN INC,20763,35671D85,0,17.26000
81910,29/06/2018,G491BT10,IVZ,INVESCO LTD,30929,G491BT10,0,26.56000
82303,29/06/2018,G3223R10,RE,EVEREST RE GROUP LTD,30970,G3223R10,0,230.48000
82307,29/06/2018,23918K10,DVA,DAVITA INC,30975,23918K10,0,69.44000
82581,29/06/2018,80640710,HSIC,SCHEIN HENRY INC,14098,80640710,0,72.64000
82598,29/06/2018,64110D10,NTAP,NETAPP INC,14152,64110D10,0,78.53000
82621,29/06/2018,59935P20,MLSS,MILESTONE SCIENTIFIC INC,14097,59935P20,0,0.79000
82642,29/06/2018,51843910,EL,LAUDER ESTEE COS INC,31196,51843910,0,142.69000
82651,29/06/2018,94184810,WAT,WATERS CORP,31208,94184810,0,193.59000
82686,29/06/2018,17737610,CTXS,CITRIX SYSTEMS INC,14201,17737610,0,104.84000
82775,29/06/2018,41651510,HIG,HARTFORD FINANCIAL SVCS GRP INC,31386,41651510,0,51.13000
83111,29/06/2018,01535110,ALXN,ALEXION PHARMACEUTICALS INC,14394,01535110,0,124.15000
83143,29/06/2018,46284V10,IRM,IRON MOUNTAIN INC NEW,14330,46284V10,0,35.01000
83382,29/06/2018,89869720,TCX,TUCOWS INC,14568,89869720,0,60.65000
83621,29/06/2018,03662Q10,ANSS,ANSYS INC,14744,03662Q10,0,174.17999
83862,29/06/2018,26924640,ETFC,E TRADE FINANCIAL CORP,14915,26924640,0,61.16000
84032,29/06/2018,63707110,NOV,NATIONAL OILWELL VARCO INC,31769,63707110,0,43.40000
84129,29/06/2018,98970110,ZION,ZIONS BANCORPORATION,5057,98970110,0,52.69000
84373,29/06/2018,74834L10,DGX,QUEST DIAGNOSTICS INC,31838,74834L10,0,109.94000
84381,29/06/2018,77390310,ROK,ROCKWELL AUTOMATION INC,31847,77390310,0,166.23000
84387,29/06/2018,21868310,CMT,CORE MOLDING TECHNOLOGIES INC,31894,21868310,0,14.28000
84761,29/06/2018,87405410,TTWO,TAKE TWO INTERACTIVE SOFTWR INC,15436,87405410,0,118.36000
84767,29/06/2018,01527110,ARE,ALEXANDRIA REAL EST EQUITIES INC,31965,01527110,0,126.17000
84769,29/06/2018,03209510,APH,AMPHENOL CORP NEW,31967,03209510,0,87.15000
84788,29/06/2018,02313510,AMZN,AMAZON COM INC,15473,02313510,0,1699.80005
85035,29/06/2018,74736K10,QRVO,QORVO INC,15506,74736K10,0,80.17000
85058,29/06/2018,10112110,BXP,BOSTON PROPERTIES INC,31991,10112110,0,125.42000
85072,29/06/2018,75121210,RL,RALPH LAUREN CORP,32009,75121210,0,125.72000
85257,29/06/2018,03110010,AME,AMETEK INC NEW,32054,03110010,0,72.16000
85265,29/06/2018,78440X10,SLG,S L GREEN REALTY CORP,32062,78440X10,0,100.53000
85269,29/06/2018,91913Y10,VLO,VALERO ENERGY CORP NEW,32066,91913Y10,0,110.83000
85348,29/06/2018,98849810,YUM,YUM BRANDS INC,32093,98849810,0,78.22000
85459,29/06/2018,12541W20,CHRW,CH ROBINSON WORLDWIDE INC,15758,12541W20,0,83.66000
85592,29/06/2018,74340W10,PLD,PROLOGIS INC,32135,74340W10,0,65.69000
85593,29/06/2018,00825210,AMG,AFFILIATED MANAGERS GROUP INC,32136,00825210,0,148.67000
85621,29/06/2018,59268810,MTD,METTLER TOLEDO INTERNATIONAL INC,32158,59268810,0,578.63000
85631,29/06/2018,05276910,ADSK,AUTODESK INC,7623,05276910,0,131.09000
85663,29/06/2018,91136310,URI,UNITED RENTALS INC,32191,91136310,0,147.62000
85753,29/06/2018,92343E10,VRSN,VERISIGN INC,15940,92343E10,0,137.42000
85792,29/06/2018,74762E10,PWR,QUANTA SERVICES INC,34660,74762E10,0,33.40000
85913,29/06/2018,57190320,MAR,MARRIOTT INTERNATIONAL INC NEW,30005,57190320,0,126.60000
85914,29/06/2018,08651610,BBY,BEST BUY COMPANY INC,7506,08651610,0,74.58000
85926,29/06/2018,81211K10,SEE,SEALED AIR CORP NEW,34702,81211K10,0,42.45000
86021,29/06/2018,50241310,LLL,L 3 TECHNOLOGIES INC,34746,50241310,0,192.32001
86111,29/06/2018,03027X10,AMT,AMERICAN TOWER CORP NEW,34770,03027X10,0,144.17000
86136,29/06/2018,81685110,SRE,SEMPRA ENERGY,34798,81685110,0,116.11000
86158,29/06/2018,19244610,CTSH,COGNIZANT TECHNOLOGY SOLS CORP,16167,19244610,0,78.99000
86228,29/06/2018,76075910,RSG,REPUBLIC SERVICES INC,34838,76075910,0,68.36000
86339,29/06/2018,22822V10,CCI,CROWN CASTLE INTL CORP NEW,16268,22822V10,0,107.82000
86356,29/06/2018,27864210,EBAY,EBAY INC,16285,27864210,0,36.26000
86580,29/06/2018,67066G10,NVDA,NVIDIA CORP,16382,67066G10,0,236.89999
86783,29/06/2018,09857L10,BKNG,BOOKING HOLDINGS INC,16454,09857L10,0,2027.08997
86868,29/06/2018,38141G10,GS,GOLDMAN SACHS GROUP INC,35048,38141G10,0,220.57001
86964,29/06/2018,31561610,FFIV,F 5 NETWORKS INC,16561,31561610,0,172.45000
86979,29/06/2018,48203R10,JNPR,JUNIPER NETWORKS INC,16614,48203R10,0,27.42000
86996,29/06/2018,78410G10,SBAC,S B A COMMUNICATIONS CORP NEW,16584,78410G10,0,165.12000
87055,29/06/2018,22160K10,COST,COSTCO WHOLESALE CORP NEW,7882,22160K10,0,208.98000
87137,29/06/2018,25179M10,DVN,DEVON ENERGY CORP NEW,35222,25179M10,0,43.96000
87184,29/06/2018,75657710,RHT,RED HAT INC,16753,75657710,0,134.37000
87267,29/06/2018,09247X10,BLK,BLACKROCK INC,36336,09247X10,0,499.04001
87299,29/06/2018,00971T10,AKAM,AKAMAI TECHNOLOGIES INC,17300,00971T10,0,73.23000
87432,29/06/2018,00846U10,A,AGILENT TECHNOLOGIES INC,36364,00846U10,0,61.84000
87447,29/06/2018,91131210,UPS,UNITED PARCEL SERVICE INC,36383,91131210,0,106.23000
87541,29/06/2018,69515610,PKG,PACKAGING CORP AMERICA,23511,69515610,0,111.79000
87657,29/06/2018,28176E10,EW,EDWARDS LIFESCIENCES CORP,36952,28176E10,0,145.57001
87717,29/06/2018,30213010,EXPD,EXPEDITORS INTERNATIONAL WA INC,7232,30213010,0,73.10000
87842,29/06/2018,59156R10,MET,METLIFE INC,37138,59156R10,0,43.60000
88031,29/06/2018,61174X10,MNST,MONSTER BEVERAGE CORP NEW,7902,61174X10,0,57.30000
88352,29/06/2018,46120E60,ISRG,INTUITIVE SURGICAL INC,37727,46120E60,0,478.48001
88446,29/06/2018,45232710,ILMN,ILLUMINA INC,37938,45232710,0,279.29001
88661,29/06/2018,87603010,TPR,TAPESTRY INC,40143,87603010,0,46.71000
88664,29/06/2018,42628110,JKHY,HENRY JACK & ASSOC INC,7864,42628110,0,130.36000
88837,29/06/2018,H2906T10,GRMN,GARMIN LTD,41059,H2906T10,0,61.00000
88853,29/06/2018,34341210,FLR,FLUOR CORP NEW,41080,34341210,0,48.78000
88860,29/06/2018,01625510,ALGN,ALIGN TECHNOLOGY INC,41154,01625510,0,342.14001
88873,29/06/2018,37940X10,GPN,GLOBAL PAYMENTS INC,41168,37940X10,0,111.49000
89002,29/06/2018,01858110,ADS,ALLIANCE DATA SYSTEMS CORP,41671,01858110,0,233.20000
89003,29/06/2018,31620M10,FIS,FIDELITY NATIONAL INFO SVCS INC,41673,31620M10,0,106.03000
89006,29/06/2018,60920710,MDLZ,MONDELEZ INTERNATIONAL INC,41680,60920710,0,41.00000
89017,29/06/2018,G9662910,WLTW,WILLIS TOWERS WATSON PUB LTD CO,41694,G9662910,0,151.60001
89070,29/06/2018,98956P10,ZBH,ZIMMER BIOMET HOLDINGS INC,41870,98956P10,0,111.44000
89071,29/06/2018,G1151C10,ACN,ACCENTURE PLC IRELAND,41871,G1151C10,0,163.59000
89155,29/06/2018,57978010,MKC,MCCORMICK & CO INC,2801,57978010,0,115.80000
89179,29/06/2018,03675210,ANTM,ANTHEM INC,42273,03675210,0,238.03000
89195,29/06/2018,74251V10,PFG,PRINCIPAL FINANCIAL GROUP INC,42285,74251V10,0,52.95000
89217,29/06/2018,00751Y10,AAP,ADVANCE AUTO PARTS INC,42402,00751Y10,0,135.70000
89258,29/06/2018,74432010,PRU,PRUDENTIAL FINANCIAL INC,42524,74432010,0,93.51000
89269,29/06/2018,15135B10,CNC,CENTENE CORP DEL,42540,15135B10,0,123.21000
89393,29/06/2018,64110L10,NFLX,NETFLIX INC,43145,64110L10,0,391.42999
89508,29/06/2018,14313010,KMX,CARMAX INC,43519,14313010,0,72.87000
89509,29/06/2018,17179810,XEC,CIMAREX ENERGY CO,43520,17179810,0,101.74000
89525,29/06/2018,20030N10,CMCSA,COMCAST CORP NEW,43613,20030N10,0,32.81000
89533,29/06/2018,98313410,WYNN,WYNN RESORTS LTD,43620,98313410,0,167.34000
89617,29/06/2018,29444U70,EQIX,EQUINIX INC,38419,29444U70,0,429.89001
89626,29/06/2018,12572Q10,CME,C M E GROUP INC,43791,12572Q10,0,163.92000
89641,29/06/2018,G7945M10,STX,SEAGATE TECHNOLOGY PLC,43807,G7945M10,0,56.47000
89731,29/06/2018,52605730,LEN,LENNAR CORP,21095,52605730,0,42.69000
89866,29/06/2018,50188920,LKQ,L K Q CORP,44497,50188920,0,31.90000
90038,29/06/2018,04621X10,AIZ,ASSURANT INC,44893,04621X10,0,103.49000
90071,29/06/2018,62937750,NRG,N R G ENERGY INC,37496,62937750,0,30.70000
90199,29/06/2018,12504L10,CBRE,C B R E GROUP INC,45270,12504L10,0,47.74000
90215,29/06/2018,79466L30,CRM,SALESFORCE COM INC,45288,79466L30,0,136.39999
90272,29/06/2018,94946T10,WCG,WELLCARE HEALTH PLANS INC,45394,94946T10,0,246.24001
90305,29/06/2018,30225T10,EXR,EXTRA SPACE STORAGE INC,45469,30225T10,0,99.81000
90319,29/06/2018,02079K30,GOOGL,ALPHABET INC,45483,02079K30,0,1129.18994
90373,29/06/2018,25386810,DLR,DIGITAL REALTY TRUST INC,45684,25386810,0,111.58000
90386,29/06/2018,61945C10,MOS,MOSAIC COMPANY NEW,45695,61945C10,0,28.05000
90441,29/06/2018,90130A10,FOXA,TWENTY FIRST CENTURY FOX INC,21287,90130A10,0,49.69000
90442,29/06/2018,90130A20,FOX,TWENTY FIRST CENTURY FOX INC,21287,90130A20,0,49.27000
90520,29/06/2018,15087010,CE,CELANESE CORP DEL,46091,15087010,0,111.06000
90562,29/06/2018,60871R10,TAP,MOLSON COORS BREWING CO,33,60871R10,0,68.30000
90601,29/06/2018,63110310,NDAQ,NASDAQ INC,46282,63110310,0,91.27000
90805,29/06/2018,25470F10,DISCA,DISCOVERY INC,47011,25470F10,0,27.50000
90808,29/06/2018,30212P30,EXPE,EXPEDIA GROUP INC,47013,30212P30,0,120.19000
90829,29/06/2018,12526910,CF,C F INDUSTRIES HOLDINGS INC,47183,12526910,0,44.40000
90880,29/06/2018,03076C10,AMP,AMERIPRISE FINANCIAL INC,47422,03076C10,0,139.88000
90979,29/06/2018,90431110,UAA,UNDER ARMOUR INC,48779,90431110,0,22.48000
90993,29/06/2018,45866F10,ICE,INTERCONTINENTALEXCHANGE GRP INC,48793,45866F10,0,73.55000
91063,29/06/2018,92553P20,VIAB,VIACOM INC NEW,50032,92553P20,0,30.16000
91068,29/06/2018,16965610,CMG,CHIPOTLE MEXICAN GRILL INC,50184,16965610,0,431.37000
91103,29/06/2018,91004710,UAL,UNITED CONTINENTAL HOLDINGS INC,21793,91004710,0,69.73000
91152,29/06/2018,89364110,TDG,TRANSDIGM GROUP INC,50481,89364110,0,345.14001
91233,29/06/2018,57636Q10,MA,MASTERCARD INC,50700,57636Q10,0,196.52000
91416,29/06/2018,41034510,HBI,HANESBRANDS INC,51096,41034510,0,22.02000
91461,29/06/2018,95980210,WU,WESTERN UNION CO,51196,95980210,0,20.33000
91556,29/06/2018,77829610,ROST,ROSS STORES INC,7684,77829610,0,84.75000
91668,29/06/2018,44980X10,IPGP,I P G PHOTONICS CORP,51555,44980X10,0,220.63000
91849,29/06/2018,11133T10,BR,BROADRIDGE FINANCIAL SOLUTNS INC,51962,11133T10,0,115.10000
91926,29/06/2018,24736170,DAL,DELTA AIR LINES INC,20569,24736170,0,49.54000
92121,29/06/2018,25470910,DFS,DISCOVER FINANCIAL SERVICES,52396,25470910,0,70.41000
92157,29/06/2018,H8498910,TEL,T E CONNECTIVITY LTD,52418,H8498910,0,90.06000
92239,29/06/2018,20605P10,CXO,CONCHO RESOURCES INC,52684,20605P10,0,138.35001
92322,29/06/2018,90384S30,ULTA,ULTA BEAUTY INC,52788,90384S30,0,233.46001
92402,29/06/2018,55354G10,MSCI,M S C I INC,52840,55354G10,0,165.42999
92602,29/06/2018,71817210,PM,PHILIP MORRIS INTERNATIONAL INC,52978,71817210,0,80.74000
92611,29/06/2018,92826C83,V,VISA INC,52983,92826C83,0,132.45000
92614,29/06/2018,03042010,AWK,AMERICAN WATER WORKS CO INC,52985,03042010,0,85.38000
92655,29/06/2018,91324P10,UNH,UNITEDHEALTH GROUP INC,7267,91324P10,0,245.34000
92778,29/06/2018,25470F30,DISCK,DISCOVERY INC,47011,25470F30,0,25.50000
93002,29/06/2018,11135F10,AVGO,BROADCOM INC,53196,11135F10,0,242.64000
93089,29/06/2018,92345Y10,VRSK,VERISK ANALYTICS INC,53256,92345Y10,0,107.64000
93096,29/06/2018,25667710,DG,DOLLAR GENERAL CORP NEW,53264,25667710,0,98.60000
93132,29/06/2018,34959E10,FTNT,FORTINET INC,53286,34959E10,0,62.43000
93429,29/06/2018,12503M10,CBOE,C B O E GLOBAL MARKETS INC,53447,12503M10,0,104.07000
